<?xml version="1.0" encoding="UTF-8"?>
<deploy xmlns="http://www.apache.org/ode/schemas/dd/2007/03" xmlns:subscriptions="http://org.wso2.carbon/applications/" 
xmlns:workflow.demo.pre.wso2.org="http://workflow.demo.pre.wso2.org"
xmlns:properties="http://services.properties.registry.carbon.wso2.org"
xmlns:applications="http://org.wso2.carbon/applications/"
xmlns:callback.workflow.demo.pre.wso2.org="http://callback.workflow.demo.pre.wso2.org"
xmlns:b4p="http://docs.oasis-open.org/ns/bpel4people/bpel4people/200803">
  <process name="workflow.demo.pre.wso2.org:ApplicationApprovalWorkFlowProcess">
    <active>true</active>
    <retired>false</retired>
    <process-events generate="all"/>
    <provide partnerLink="client">
      <service name="workflow.demo.pre.wso2.org:ApplicationApprovalWorkFlowProcess" port="ApplicationApprovalWorkFlowProcessPort">
     </service>
    </provide>
    <provide partnerLink="AAPL" correlationFilter="b4p:b4pFilter">
      <service name="applications:ApplicationServiceCB" port="ApplicationPortCB"/>
    </provide>
    <invoke partnerLink="AAPL">
      <service name="applications:ApplicationService" port="ApplicationPort">
      <endpoint xmlns="http://wso2.org/bps/bpel/endpoint/config" endpointReference="./../../../../repository/conf/epr/ApplicationService.epr"></endpoint>
</service>
    </invoke>
    <invoke partnerLink="CBPL">
      <service name="properties:PropertiesAdminService" port="PropertiesAdminServiceHttpsSoap11Endpoint">
      <endpoint xmlns="http://wso2.org/bps/bpel/endpoint/config" endpointReference="./../../../../repository/conf/epr/ApplicationCallbackService.epr"></endpoint>
      </service>
    </invoke>
  </process>
</deploy>
